{
  "loader":"fusion:model",
  "type":"connecting",
  "connections":{
  "pane":{
    "type":"is_same_block"
  },
  "edges":{
    "type":"match_state",
    "block":"minecraft:glass_pane",
    "properties":{"north":"true","east":["false","true"],"south":["false","true"],"west":["false","true"],"waterlogged":["false","true"]}
  }
  },
  "parent":"minecraft:block/sockdog/pane_north_left",
  "textures":{
    "pane":"minecraft:block/sockdog/glass/0-0",
    "edge":"minecraft:block/sockdog/glass/0-1",
    "edges":"minecraft:block/sockdog/glass/0-2"
  }
}